epoch,categorical_crossentropy,loss,mae,val_categorical_crossentropy,val_loss,val_mae
0,3.4451191425323486,3.4451191425323486,0.11154034733772278,3.117253303527832,3.117253303527832,0.11118282377719879
1,3.3736236095428467,3.3736236095428467,0.11130209267139435,3.334564208984375,3.334564208984375,0.11112122982740402
2,3.3211801052093506,3.3211801052093506,0.11116097867488861,3.2849361896514893,3.2849361896514893,0.11092393845319748
3,3.261019706726074,3.261019706726074,0.11091998219490051,3.236469268798828,3.236469268798828,0.11072733998298645
4,3.2152600288391113,3.2152600288391113,0.11070489138364792,3.197604179382324,3.197604179382324,0.11058788001537323
5,3.17985463142395,3.17985463142395,0.11054211854934692,3.1658401489257812,3.1658401489257812,0.11046451330184937
6,3.1412198543548584,3.1412198543548584,0.11032798141241074,3.1259326934814453,3.1259326934814453,0.11023717373609543
7,3.107801675796509,3.107801675796509,0.11013331264257431,3.100459575653076,3.100459575653076,0.11010538041591644
8,3.082733154296875,3.082733154296875,0.10998473316431046,3.073317527770996,3.073317527770996,0.10997271537780762
9,3.0600600242614746,3.0600600242614746,0.10981617122888565,3.044560670852661,3.044560670852661,0.10978806763887405
10,3.035853624343872,3.035853624343872,0.10968620330095291,3.02293062210083,3.02293062210083,0.10964701324701309
11,3.0120794773101807,3.0120794773101807,0.1095365583896637,3.001492977142334,3.001492977142334,0.10949545353651047
12,2.993107557296753,2.993107557296753,0.10939518362283707,2.992265224456787,2.992265224456787,0.10943301767110825
13,2.9727866649627686,2.9727866649627686,0.1092681735754013,2.967491626739502,2.967491626739502,0.10926023870706558
14,2.9487061500549316,2.9487061500549316,0.10903353244066238,2.9553914070129395,2.9553914070129395,0.10918315500020981
15,2.9349234104156494,2.9349234104156494,0.10893651098012924,2.9433746337890625,2.9433746337890625,0.1090761199593544
16,2.9145522117614746,2.9145522117614746,0.10878754407167435,2.9248673915863037,2.9248673915863037,0.10893838852643967
17,2.902207851409912,2.902207851409912,0.10870059579610825,2.9052634239196777,2.9052634239196777,0.10875239223241806
18,2.8862054347991943,2.8862054347991943,0.10856400430202484,2.8886513710021973,2.8886513710021973,0.10860695689916611
19,2.8699498176574707,2.8699498176574707,0.10841070115566254,2.884955406188965,2.884955406188965,0.10856928676366806
20,2.855090618133545,2.855090618133545,0.10831001400947571,2.8721492290496826,2.8721492290496826,0.10847914218902588
21,2.8460774421691895,2.8460774421691895,0.10819258540868759,2.8528192043304443,2.8528192043304443,0.10828694701194763
22,2.83367919921875,2.83367919921875,0.10807912051677704,2.8464252948760986,2.8464252948760986,0.10819605737924576
23,2.8227994441986084,2.8227994441986084,0.10798735916614532,2.8343820571899414,2.8343820571899414,0.1080741211771965
24,2.808647632598877,2.808647632598877,0.1078214943408966,2.8228871822357178,2.8228871822357178,0.10796798020601273
25,2.798945426940918,2.798945426940918,0.10772932320833206,2.8076255321502686,2.8076255321502686,0.1078057810664177
26,2.7818803787231445,2.7818803787231445,0.10756152868270874,2.8011624813079834,2.8011624813079834,0.10772538930177689
27,2.7749125957489014,2.7749125957489014,0.10748128592967987,2.79294490814209,2.79294490814209,0.10764473676681519
28,2.7625572681427,2.7625572681427,0.10735037922859192,2.7878992557525635,2.7878992557525635,0.10754820704460144
29,2.749788522720337,2.749788522720337,0.10720715671777725,2.7713379859924316,2.7713379859924316,0.10738333314657211
30,2.7409145832061768,2.7409145832061768,0.10709521919488907,2.7554824352264404,2.7554824352264404,0.10723359137773514
31,2.7297255992889404,2.7297255992889404,0.10696381330490112,2.7536027431488037,2.7536027431488037,0.10716639459133148
32,2.724360466003418,2.724360466003418,0.10686641186475754,2.746427059173584,2.746427059173584,0.10709086805582047
33,2.712887763977051,2.712887763977051,0.1067495122551918,2.7293758392333984,2.7293758392333984,0.10688967257738113
34,2.7054293155670166,2.7054293155670166,0.1066555306315422,2.7251803874969482,2.7251803874969482,0.1068173497915268
35,2.6962578296661377,2.6962578296661377,0.10655032098293304,2.7205231189727783,2.7205231189727783,0.10673713684082031
36,2.68711519241333,2.68711519241333,0.10641051828861237,2.710792303085327,2.710792303085327,0.10659018903970718
37,2.6727728843688965,2.6727728843688965,0.10625842213630676,2.709479808807373,2.709479808807373,0.10658366978168488
38,2.6715376377105713,2.6715376377105713,0.10621142387390137,2.696837902069092,2.696837902069092,0.10641895979642868
39,2.6650876998901367,2.6650876998901367,0.1061147078871727,2.6851344108581543,2.6851344108581543,0.10627821087837219
40,2.6538681983947754,2.6538681983947754,0.10597849637269974,2.685075283050537,2.685075283050537,0.10621902346611023
41,2.6484076976776123,2.6484076976776123,0.10589751601219177,2.6841766834259033,2.6841766834259033,0.10615459084510803
42,2.6405105590820312,2.6405105590820312,0.10578950494527817,2.671365976333618,2.671365976333618,0.10600069910287857
43,2.6304121017456055,2.6304121017456055,0.10565084964036942,2.658541202545166,2.658541202545166,0.10584518313407898
44,2.6229305267333984,2.6229305267333984,0.10552402585744858,2.6481692790985107,2.6481692790985107,0.1057007908821106
45,2.619025945663452,2.619025945663452,0.10543128848075867,2.6489670276641846,2.6489670276641846,0.1056937575340271
46,2.6078779697418213,2.6078779697418213,0.10531710833311081,2.643073558807373,2.643073558807373,0.10557065159082413
47,2.6051557064056396,2.6051557064056396,0.10523972660303116,2.642801523208618,2.642801523208618,0.10552360117435455
48,2.596698522567749,2.596698522567749,0.10511504113674164,2.626384973526001,2.626384973526001,0.10531727969646454
49,2.595263957977295,2.595263957977295,0.10507557541131973,2.6195554733276367,2.6195554733276367,0.10524386167526245
50,2.583024501800537,2.583024501800537,0.10489340126514435,2.6089038848876953,2.6089038848876953,0.10508178919553757
51,2.570033073425293,2.570033073425293,0.10477601736783981,2.6139676570892334,2.6139676570892334,0.10511469841003418
52,2.566005229949951,2.566005229949951,0.10471091419458389,2.60089111328125,2.60089111328125,0.10493432730436325
53,2.5674545764923096,2.5674545764923096,0.10464361310005188,2.6007766723632812,2.6007766723632812,0.10492763668298721
54,2.555690050125122,2.555690050125122,0.10449210554361343,2.592047691345215,2.592047691345215,0.1047324687242508
55,2.550027847290039,2.550027847290039,0.10440882295370102,2.588920831680298,2.588920831680298,0.10470166057348251
56,2.549781322479248,2.549781322479248,0.10436659306287766,2.5938808917999268,2.5938808917999268,0.10468916594982147
57,2.5410828590393066,2.5410828590393066,0.10422897338867188,2.5755860805511475,2.5755860805511475,0.10446857661008835
58,2.535752296447754,2.535752296447754,0.10416512191295624,2.569959878921509,2.569959878921509,0.10433643311262131
59,2.527743339538574,2.527743339538574,0.10402162373065948,2.56038236618042,2.56038236618042,0.10422836989164352
60,2.522768974304199,2.522768974304199,0.1039588525891304,2.5589828491210938,2.5589828491210938,0.1041383445262909
61,2.5164244174957275,2.5164244174957275,0.10383889079093933,2.551600694656372,2.551600694656372,0.10403388738632202
62,2.5160722732543945,2.5160722732543945,0.1037711501121521,2.5624024868011475,2.5624024868011475,0.10411426424980164
63,2.508378028869629,2.508378028869629,0.10369975119829178,2.5488150119781494,2.5488150119781494,0.10387388616800308
64,2.4994053840637207,2.4994053840637207,0.10354616492986679,2.5419678688049316,2.5419678688049316,0.10386379808187485
65,2.4971277713775635,2.4971277713775635,0.10350009053945541,2.523494005203247,2.523494005203247,0.10351040214300156
66,2.4892091751098633,2.4892091751098633,0.10335673391819,2.528799533843994,2.528799533843994,0.10363558679819107
67,2.483114719390869,2.483114719390869,0.10325871407985687,2.5452990531921387,2.5452990531921387,0.10372066497802734
68,2.481719970703125,2.481719970703125,0.10319279134273529,2.5205841064453125,2.5205841064453125,0.10344614088535309
69,2.475677251815796,2.475677251815796,0.10313291102647781,2.5140225887298584,2.5140225887298584,0.10332024097442627
70,2.469705104827881,2.469705104827881,0.10303910076618195,2.517005205154419,2.517005205154419,0.10329586267471313
71,2.4645273685455322,2.4645273685455322,0.10291881114244461,2.513674020767212,2.513674020767212,0.1032722070813179
72,2.4625160694122314,2.4625160694122314,0.10286181420087814,2.505584239959717,2.505584239959717,0.10312753915786743
73,2.453798532485962,2.453798532485962,0.10269530117511749,2.5015501976013184,2.5015501976013184,0.1030527800321579
74,2.449418306350708,2.449418306350708,0.10263845324516296,2.4995548725128174,2.4995548725128174,0.10297628492116928
75,2.444277286529541,2.444277286529541,0.10256104171276093,2.4923818111419678,2.4923818111419678,0.1028573289513588
76,2.4413421154022217,2.4413421154022217,0.10246473550796509,2.4883954524993896,2.4883954524993896,0.10275275260210037
77,2.4403181076049805,2.4403181076049805,0.10243114084005356,2.483551025390625,2.483551025390625,0.10267172753810883
78,2.435819149017334,2.435819149017334,0.10233515501022339,2.47996187210083,2.47996187210083,0.10257146507501602
79,2.428537607192993,2.428537607192993,0.10224417597055435,2.479337215423584,2.479337215423584,0.10255139321088791
80,2.425097703933716,2.425097703933716,0.10214972496032715,2.4787583351135254,2.4787583351135254,0.10253126174211502
81,2.4167604446411133,2.4167604446411133,0.10201514512300491,2.4647421836853027,2.4647421836853027,0.10233738273382187
82,2.413318157196045,2.413318157196045,0.1019672378897667,2.457174301147461,2.457174301147461,0.10219267755746841
83,2.410727024078369,2.410727024078369,0.10185608267784119,2.462371349334717,2.462371349334717,0.10222002118825912
84,2.407459259033203,2.407459259033203,0.10183925181627274,2.4535701274871826,2.4535701274871826,0.1020694449543953
85,2.401609182357788,2.401609182357788,0.10173794627189636,2.447431802749634,2.447431802749634,0.10198181122541428
86,2.3962645530700684,2.3962645530700684,0.10162321478128433,2.443417549133301,2.443417549133301,0.10190358757972717
87,2.396563768386841,2.396563768386841,0.10157591849565506,2.446835517883301,2.446835517883301,0.10190800577402115
88,2.389317750930786,2.389317750930786,0.10143617540597916,2.434837818145752,2.434837818145752,0.10165230184793472
89,2.387863874435425,2.387863874435425,0.10140868276357651,2.432734966278076,2.432734966278076,0.10165286064147949
90,2.382117748260498,2.382117748260498,0.10133545100688934,2.4405949115753174,2.4405949115753174,0.10170542448759079
91,2.376490831375122,2.376490831375122,0.10121159255504608,2.4243314266204834,2.4243314266204834,0.10147950053215027
92,2.3769607543945312,2.3769607543945312,0.10117007046937943,2.4271602630615234,2.4271602630615234,0.10142424702644348
93,2.3645143508911133,2.3645143508911133,0.10101193934679031,2.4190683364868164,2.4190683364868164,0.10132329165935516
94,2.361605644226074,2.361605644226074,0.10090450197458267,2.4250574111938477,2.4250574111938477,0.10139281302690506
95,2.3588805198669434,2.3588805198669434,0.1008605882525444,2.4095396995544434,2.4095396995544434,0.10113164782524109
96,2.3583343029022217,2.3583343029022217,0.10080647468566895,2.409289598464966,2.409289598464966,0.10109752416610718
97,2.353670835494995,2.353670835494995,0.10072498023509979,2.4234557151794434,2.4234557151794434,0.10124139487743378
98,2.3505311012268066,2.3505311012268066,0.100682333111763,2.4109182357788086,2.4109182357788086,0.10106353461742401
99,2.34928822517395,2.34928822517395,0.10059753060340881,2.3989038467407227,2.3989038467407227,0.10082855075597763
100,2.3404412269592285,2.3404412269592285,0.10046067833900452,2.3883049488067627,2.3883049488067627,0.1006065309047699
101,2.3401968479156494,2.3401968479156494,0.10044115781784058,2.3865504264831543,2.3865504264831543,0.10061083734035492
102,2.335843086242676,2.335843086242676,0.10033415257930756,2.379488706588745,2.379488706588745,0.10042156279087067
103,2.332383155822754,2.332383155822754,0.10024557262659073,2.3858933448791504,2.3858933448791504,0.1005571037530899
104,2.3264355659484863,2.3264355659484863,0.10014082491397858,2.3902573585510254,2.3902573585510254,0.10057937353849411
105,2.321516513824463,2.321516513824463,0.10003392398357391,2.372811794281006,2.372811794281006,0.10028702020645142
106,2.324040412902832,2.324040412902832,0.10004095733165741,2.378209114074707,2.378209114074707,0.10036791861057281
107,2.3200252056121826,2.3200252056121826,0.09996066242456436,2.3719325065612793,2.3719325065612793,0.10016786307096481
108,2.3117830753326416,2.3117830753326416,0.0998634621500969,2.367170810699463,2.367170810699463,0.10009987652301788
109,2.309638500213623,2.309638500213623,0.09981632977724075,2.3736798763275146,2.3736798763275146,0.10012386739253998
110,2.3054707050323486,2.3054707050323486,0.09966795891523361,2.3616693019866943,2.3616693019866943,0.09996113926172256
111,2.301504611968994,2.301504611968994,0.09959998726844788,2.3560028076171875,2.3560028076171875,0.099838025867939
112,2.302252769470215,2.302252769470215,0.09955383092164993,2.3522841930389404,2.3522841930389404,0.09975573420524597
113,2.2951602935791016,2.2951602935791016,0.09945517033338547,2.3409645557403564,2.3409645557403564,0.09957653284072876
114,2.2936697006225586,2.2936697006225586,0.09938705712556839,2.357733964920044,2.357733964920044,0.09975976496934891
115,2.2888803482055664,2.2888803482055664,0.09930360317230225,2.35040020942688,2.35040020942688,0.0996464416384697
116,2.2882492542266846,2.2882492542266846,0.09919887781143188,2.3415348529815674,2.3415348529815674,0.09951111674308777
117,2.282726764678955,2.282726764678955,0.09909545630216599,2.3383572101593018,2.3383572101593018,0.09944436699151993
118,2.2751569747924805,2.2751569747924805,0.09903369843959808,2.3387649059295654,2.3387649059295654,0.09938681870698929
119,2.2789881229400635,2.2789881229400635,0.0990021824836731,2.3379416465759277,2.3379416465759277,0.099367655813694
120,2.2740373611450195,2.2740373611450195,0.0989191085100174,2.325209140777588,2.325209140777588,0.09912645071744919
121,2.2707366943359375,2.2707366943359375,0.09884267300367355,2.3266730308532715,2.3266732692718506,0.09906762838363647
122,2.263110637664795,2.263110637664795,0.09865394979715347,2.3262479305267334,2.3262479305267334,0.09899256378412247
123,2.262272596359253,2.262272596359253,0.09864775836467743,2.3213250637054443,2.3213250637054443,0.0989517942070961
124,2.2575435638427734,2.2575435638427734,0.09854637831449509,2.3314225673675537,2.3314225673675537,0.09905925393104553
125,2.2600197792053223,2.2600197792053223,0.0985332503914833,2.3172783851623535,2.3172783851623535,0.09889709949493408
126,2.2579281330108643,2.2579281330108643,0.09850559383630753,2.311746120452881,2.311746120452881,0.098653644323349
127,2.252166986465454,2.252166986465454,0.09837452322244644,2.30865740776062,2.30865740776062,0.0985911563038826
128,2.2473559379577637,2.2473559379577637,0.0982523038983345,2.310105085372925,2.310105085372925,0.09865681082010269
129,2.2428719997406006,2.2428719997406006,0.09815120697021484,2.302452802658081,2.302452802658081,0.09842019528150558
130,2.2363924980163574,2.2363924980163574,0.09801959246397018,2.2953171730041504,2.2953171730041504,0.09831603616476059
131,2.2417304515838623,2.2417304515838623,0.0980096384882927,2.3176321983337402,2.3176321983337402,0.09863340109586716
132,2.23586368560791,2.23586368560791,0.09792003035545349,2.3062007427215576,2.3062007427215576,0.09842284768819809
133,2.23006534576416,2.23006534576416,0.09788201004266739,2.294849157333374,2.294849157333374,0.0982275903224945
134,2.22900390625,2.22900390625,0.0977785661816597,2.3101937770843506,2.3101937770843506,0.09846168756484985
135,2.225245952606201,2.225245952606201,0.09770096838474274,2.293335199356079,2.293335199356079,0.09814296662807465
136,2.224562168121338,2.224562168121338,0.0976029634475708,2.2866663932800293,2.2866663932800293,0.09801110625267029
137,2.2223093509674072,2.2223093509674072,0.09758466482162476,2.269652843475342,2.269652843475342,0.09766481071710587
138,2.218046188354492,2.218046188354492,0.09745903313159943,2.279148578643799,2.279148578643799,0.09785949438810349
139,2.2170865535736084,2.2170865535736084,0.09740614145994186,2.277557134628296,2.277557134628296,0.09770706295967102
140,2.216341733932495,2.216341733932495,0.09739235788583755,2.2822632789611816,2.2822632789611816,0.09779619425535202
141,2.21211314201355,2.21211314201355,0.09730351716279984,2.280226945877075,2.280226945877075,0.09762927889823914
142,2.209704875946045,2.209704875946045,0.0972101241350174,2.266376256942749,2.266376256942749,0.09750599414110184
143,2.209092855453491,2.209092855453491,0.09718867391347885,2.2544212341308594,2.2544212341308594,0.09720972925424576
144,2.2004916667938232,2.2004916667938232,0.09702539443969727,2.2639269828796387,2.2639269828796387,0.09731362760066986
145,2.198979377746582,2.198979377746582,0.09697183966636658,2.2637007236480713,2.2637007236480713,0.09728746861219406
146,2.1923763751983643,2.1923763751983643,0.09688415378332138,2.253636121749878,2.253636121749878,0.09712561964988708
147,2.1934356689453125,2.1934356689453125,0.09681592136621475,2.2646830081939697,2.2646830081939697,0.09723157435655594
148,2.1935291290283203,2.1935291290283203,0.09676149487495422,2.259896993637085,2.259896993637085,0.09715450555086136
149,2.184995174407959,2.184995174407959,0.09664782136678696,2.252584934234619,2.252584934234619,0.09699273109436035
150,2.1851017475128174,2.1851017475128174,0.09656871110200882,2.2462470531463623,2.2462470531463623,0.0967712476849556
151,2.190051794052124,2.190051794052124,0.09651286154985428,2.2385284900665283,2.2385284900665283,0.09670187532901764
152,2.18552565574646,2.18552565574646,0.09644870460033417,2.239051342010498,2.239051342010498,0.09662725776433945
153,2.178229570388794,2.178229570388794,0.09640897810459137,2.2528574466705322,2.2528574466705322,0.09692638367414474
154,2.177747964859009,2.177747964859009,0.09629155695438385,2.2428412437438965,2.2428412437438965,0.09670274704694748
155,2.176274299621582,2.176274299621582,0.09626918286085129,2.243678331375122,2.243678331375122,0.09668334573507309
156,2.1680397987365723,2.1680397987365723,0.09611426293849945,2.240178346633911,2.240178346633911,0.09664534032344818
157,2.167179584503174,2.167179584503174,0.09607372432947159,2.218759536743164,2.218759536743164,0.09623308479785919
158,2.1641547679901123,2.1641547679901123,0.09596217423677444,2.233567476272583,2.233567476272583,0.09646371006965637
159,2.1668198108673096,2.1668198108673096,0.09596838802099228,2.221519947052002,2.221519947052002,0.09612831473350525
160,2.158144235610962,2.158144235610962,0.09580450505018234,2.2327466011047363,2.2327466011047363,0.09635035693645477
161,2.154780149459839,2.154780149459839,0.0957043245434761,2.2242166996002197,2.2242166996002197,0.0961630567908287
162,2.1569249629974365,2.1569249629974365,0.09568829834461212,2.215611457824707,2.215611457824707,0.09588280320167542
163,2.152473211288452,2.152473211288452,0.09567841142416,2.213510513305664,2.213510513305664,0.0958770364522934
164,2.1455984115600586,2.1455984115600586,0.09545741975307465,2.218946695327759,2.218946695327759,0.09596040099859238
165,2.1457297801971436,2.1457297801971436,0.0954589769244194,2.225522756576538,2.225522756576538,0.09595327079296112
166,2.149404525756836,2.149404525756836,0.09544949978590012,2.2170755863189697,2.2170755863189697,0.09587666392326355
167,2.145075798034668,2.145075798034668,0.09533189237117767,2.2105283737182617,2.2105283737182617,0.0957365334033966
168,2.1438844203948975,2.1438844203948975,0.09530138224363327,2.2119076251983643,2.2119076251983643,0.0956437736749649
169,2.139760732650757,2.139760732650757,0.09518221020698547,2.193441867828369,2.193441867828369,0.09527253359556198
170,2.13922119140625,2.13922119140625,0.09510170668363571,2.209904909133911,2.209904909133911,0.09560950845479965
171,2.133392572402954,2.133392572402954,0.09503646939992905,2.2096168994903564,2.2096168994903564,0.0955934226512909
172,2.12847900390625,2.12847900390625,0.094968281686306,2.208930730819702,2.208930730819702,0.09559058398008347
173,2.131134510040283,2.131134510040283,0.09497386962175369,2.2000274658203125,2.2000274658203125,0.09536341577768326
174,2.122332811355591,2.122332811355591,0.09481067955493927,2.2077434062957764,2.2077434062957764,0.09537691622972488
175,2.124499797821045,2.124499797821045,0.09475062787532806,2.195887327194214,2.195887327194214,0.09526258707046509
176,2.120532989501953,2.120532989501953,0.09471023827791214,2.1829822063446045,2.1829822063446045,0.09497438371181488
177,2.1194751262664795,2.1194751262664795,0.09467371553182602,2.1809334754943848,2.1809334754943848,0.09481347352266312
178,2.1239843368530273,2.1239843368530273,0.09459549188613892,2.192619800567627,2.192619800567627,0.0951339527964592
179,2.114004135131836,2.114004135131836,0.0944410040974617,2.194772481918335,2.194772481918335,0.09499600529670715
180,2.1120004653930664,2.1120004653930664,0.09437905251979828,2.1847400665283203,2.1847400665283203,0.09493182599544525
181,2.1151680946350098,2.1151680946350098,0.09438329935073853,2.1853251457214355,2.1853251457214355,0.09480014443397522
182,2.104063034057617,2.104063034057617,0.09421002864837646,2.1692516803741455,2.1692516803741455,0.09449126571416855
183,2.105726718902588,2.105726718902588,0.09415748715400696,2.186898946762085,2.186898946762085,0.09477975964546204
184,2.106826066970825,2.106826066970825,0.09418652206659317,2.1602399349212646,2.1602399349212646,0.09424953162670135
185,2.098545551300049,2.098545551300049,0.0940290316939354,2.175348997116089,2.175348997116089,0.09449561685323715
186,2.098341226577759,2.098341226577759,0.09395848959684372,2.1735551357269287,2.1735551357269287,0.094514861702919
187,2.0960357189178467,2.0960357189178467,0.0939183384180069,2.168125629425049,2.168125629425049,0.09430886805057526
188,2.1002089977264404,2.1002089977264404,0.09388288855552673,2.163740873336792,2.163740873336792,0.0942089781165123
189,2.094238758087158,2.094238758087158,0.09374838322401047,2.162510633468628,2.162510633468628,0.09411948174238205
190,2.092236042022705,2.092236042022705,0.09374786913394928,2.1807050704956055,2.1807050704956055,0.09434990584850311
191,2.0854594707489014,2.0854594707489014,0.09364302456378937,2.1640572547912598,2.1640572547912598,0.09414432942867279
192,2.0923619270324707,2.0923619270324707,0.09362045675516129,2.1597957611083984,2.1597957611083984,0.09405992180109024
193,2.0828850269317627,2.0828850269317627,0.09352508187294006,2.145496368408203,2.145496368408203,0.09380828589200974
194,2.084789991378784,2.084789991378784,0.09349270910024643,2.1590917110443115,2.1590917110443115,0.09397833794355392
195,2.080050230026245,2.080050230026245,0.09338755160570145,2.156053066253662,2.156053066253662,0.093920037150383
196,2.08050799369812,2.08050799369812,0.09331578761339188,2.166964054107666,2.166964054107666,0.09407547861337662
197,2.0756001472473145,2.0756001472473145,0.09320825338363647,2.1541450023651123,2.1541450023651123,0.09385764598846436
198,2.072901964187622,2.072901964187622,0.09319296479225159,2.1457979679107666,2.1457979679107666,0.09364797919988632
199,2.0717649459838867,2.0717649459838867,0.09312933683395386,2.1549954414367676,2.1549954414367676,0.09376151859760284
200,2.069749355316162,2.069749355316162,0.09306053072214127,2.1520907878875732,2.1520907878875732,0.09367745369672775
201,2.066760301589966,2.066760301589966,0.09290579706430435,2.1425728797912598,2.1425728797912598,0.09345753490924835
202,2.0654032230377197,2.0654032230377197,0.09294750541448593,2.1358108520507812,2.1358108520507812,0.09318158030509949
203,2.0674526691436768,2.0674526691436768,0.09287441521883011,2.139249563217163,2.139249563217163,0.0933152586221695
204,2.0557005405426025,2.0557005405426025,0.09274160861968994,2.1436076164245605,2.1436076164245605,0.09334789216518402
205,2.0608952045440674,2.0608952045440674,0.09273985028266907,2.1397385597229004,2.1397385597229004,0.09324536472558975
206,2.0625576972961426,2.0625576972961426,0.09269873797893524,2.138960361480713,2.138960361480713,0.09329491853713989
207,2.060814142227173,2.060814142227173,0.09271129220724106,2.1322250366210938,2.1322250366210938,0.09305611997842789
208,2.0559141635894775,2.0559141635894775,0.09259498864412308,2.1376945972442627,2.1376945972442627,0.09325683861970901
209,2.0506250858306885,2.0506250858306885,0.09243834018707275,2.134023427963257,2.134023427963257,0.09312429279088974
210,2.0556960105895996,2.0556960105895996,0.09248603880405426,2.1262638568878174,2.1262638568878174,0.09286054968833923
211,2.0470962524414062,2.0470962524414062,0.0922778844833374,2.1292600631713867,2.1292600631713867,0.09294752031564713
212,2.0457956790924072,2.0457956790924072,0.09227070957422256,2.1323254108428955,2.1323254108428955,0.09293395280838013
213,2.043670177459717,2.043670177459717,0.09224674105644226,2.131974458694458,2.131974458694458,0.09294404089450836
214,2.040691614151001,2.040691614151001,0.0921391174197197,2.1302425861358643,2.1302425861358643,0.0928727388381958
215,2.031907081604004,2.031907081604004,0.092034250497818,2.1230850219726562,2.1230850219726562,0.09268104285001755
216,2.0402348041534424,2.0402348041534424,0.09204903244972229,2.116070508956909,2.116070508956909,0.092496857047081
217,2.037393093109131,2.037393093109131,0.0919644758105278,2.1205286979675293,2.1205286979675293,0.09254065155982971
218,2.035924196243286,2.035924196243286,0.09189029037952423,2.1072566509246826,2.1072566509246826,0.09230921417474747
219,2.0287563800811768,2.0287563800811768,0.09178446978330612,2.122101068496704,2.122101068496704,0.09256738424301147
220,2.029005527496338,2.029005527496338,0.0917719379067421,2.1235554218292236,2.1235554218292236,0.09257843345403671
221,2.033442258834839,2.033442258834839,0.09176851063966751,2.1097376346588135,2.1097376346588135,0.09229996800422668
222,2.0232009887695312,2.0232009887695312,0.09159814566373825,2.1125712394714355,2.1125712394714355,0.09227457642555237
223,2.0332517623901367,2.0332517623901367,0.09168116748332977,2.1141178607940674,2.1141178607940674,0.09232776612043381
224,2.02451229095459,2.02451229095459,0.09154967963695526,2.1030547618865967,2.1030547618865967,0.09206277877092361
225,2.0246589183807373,2.0246589183807373,0.09155574440956116,2.108891725540161,2.108891725540161,0.09210783243179321
226,2.0204060077667236,2.0204060077667236,0.09141993522644043,2.0940818786621094,2.0940818786621094,0.0919031873345375
227,2.0152084827423096,2.0152084827423096,0.09134253859519958,2.089794158935547,2.089794158935547,0.09176018834114075
228,2.0137381553649902,2.0137381553649902,0.09126900881528854,2.080501079559326,2.080501079559326,0.09151826798915863
229,2.013749599456787,2.013749599456787,0.09119797497987747,2.110513925552368,2.110513925552368,0.09212255477905273
230,2.006103754043579,2.006103754043579,0.09107831865549088,2.0933117866516113,2.0933117866516113,0.09168699383735657
231,2.014049768447876,2.014049768447876,0.09110760688781738,2.1002964973449707,2.1002964973449707,0.09187296032905579
232,2.007113218307495,2.007113218307495,0.0910024642944336,2.0973243713378906,2.0973243713378906,0.09175992012023926
233,2.0079495906829834,2.0079495906829834,0.09097354859113693,2.0883536338806152,2.0883536338806152,0.09151405841112137
234,2.004807233810425,2.004807233810425,0.09096851199865341,2.0992488861083984,2.0992488861083984,0.09178636223077774
235,2.0041990280151367,2.0041990280151367,0.09088236093521118,2.0960159301757812,2.0960159301757812,0.09175112843513489
236,2.0027828216552734,2.0027828216552734,0.09078806638717651,2.090878963470459,2.090878963470459,0.09153735637664795
237,2.0010244846343994,2.0010244846343994,0.09070762991905212,2.0977768898010254,2.0977768898010254,0.09178473800420761
238,1.9964807033538818,1.9964807033538818,0.0906582772731781,2.090283155441284,2.090283155441284,0.09158079326152802
239,1.993369698524475,1.993369698524475,0.09056173264980316,2.073817729949951,2.073817729949951,0.0910869687795639
240,1.9914157390594482,1.9914157390594482,0.09058929979801178,2.075547695159912,2.075547695159912,0.09116069972515106
241,1.994675636291504,1.994675636291504,0.09055782854557037,2.0792670249938965,2.0792670249938965,0.09129785001277924
242,1.995222568511963,1.995222568511963,0.09044501930475235,2.0724985599517822,2.0724985599517822,0.09110908955335617
243,1.9884119033813477,1.9884119033813477,0.09035059809684753,2.0844244956970215,2.0844244956970215,0.09136056154966354
244,1.9824329614639282,1.9824329614639282,0.09032116085290909,2.082003355026245,2.082003355026245,0.09118987619876862
245,1.984147310256958,1.984147310256958,0.09022951126098633,2.073463201522827,2.073463201522827,0.0909850150346756
246,1.9883798360824585,1.9883798360824585,0.09035010635852814,2.0702507495880127,2.0702507495880127,0.09084898233413696
247,1.9832706451416016,1.9832706451416016,0.0901796817779541,2.08935284614563,2.08935284614563,0.0912419855594635
248,1.9770207405090332,1.9770207405090332,0.09008908271789551,2.069654941558838,2.069654941558838,0.09087353199720383
249,1.9777814149856567,1.9777814149856567,0.09001711010932922,2.0720295906066895,2.0720295906066895,0.09092435240745544
250,1.983346939086914,1.983346939086914,0.09013284742832184,2.065441131591797,2.065441131591797,0.09077421575784683
251,1.9742457866668701,1.9742457866668701,0.08994495123624802,2.069101333618164,2.069101333618164,0.09085312485694885
252,1.974555253982544,1.974555253982544,0.08997086435556412,2.0601351261138916,2.0601351261138916,0.09058558940887451
253,1.969288945198059,1.969288945198059,0.08978460729122162,2.0724661350250244,2.0724661350250244,0.09087426215410233
254,1.9694405794143677,1.9694405794143677,0.08972930163145065,2.057236433029175,2.057236433029175,0.09048488736152649
255,1.9698107242584229,1.9698107242584229,0.08969460427761078,2.0580241680145264,2.0580241680145264,0.09052108973264694
256,1.9663176536560059,1.9663176536560059,0.08968441188335419,2.0581769943237305,2.0581769943237305,0.09048857539892197
257,1.9601296186447144,1.9601296186447144,0.08959181606769562,2.0720374584198,2.0720374584198,0.09073244035243988
258,1.96085524559021,1.96085524559021,0.08953870087862015,2.0611956119537354,2.0611956119537354,0.09049227833747864
259,1.9715704917907715,1.9715704917907715,0.08965232968330383,2.0530059337615967,2.0530059337615967,0.09024224430322647
260,1.9660264253616333,1.9660264253616333,0.08957044035196304,2.0618767738342285,2.0618767738342285,0.0905127227306366
261,1.954726219177246,1.954726219177246,0.08935705572366714,2.052304744720459,2.052304744720459,0.09015343338251114
262,1.9571030139923096,1.9571030139923096,0.08933860808610916,2.052128314971924,2.052128314971924,0.09015844762325287
263,1.9507578611373901,1.9507578611373901,0.08934039622545242,2.0435667037963867,2.0435667037963867,0.09003767371177673
264,1.94658362865448,1.94658362865448,0.08919063210487366,2.041349172592163,2.041349172592163,0.08992697298526764
265,1.944441795349121,1.944441795349121,0.08909612149000168,2.0496327877044678,2.0496327877044678,0.09014008194208145
266,1.951577067375183,1.951577067375183,0.08915814012289047,2.0324769020080566,2.0324769020080566,0.08976122736930847
267,1.9495128393173218,1.9495128393173218,0.08908896148204803,2.0495009422302246,2.0495009422302246,0.0900539681315422
268,1.94631028175354,1.94631028175354,0.08896990865468979,2.0384347438812256,2.0384347438812256,0.08974973112344742
269,1.9472686052322388,1.9472686052322388,0.08895617723464966,2.044705629348755,2.044705629348755,0.08988437056541443
270,1.9492549896240234,1.9492549896240234,0.08902787417173386,2.0447802543640137,2.0447802543640137,0.08998649567365646
271,1.9440269470214844,1.9440269470214844,0.08898413926362991,2.058497667312622,2.058497667312622,0.0902867317199707
272,1.945693016052246,1.945693016052246,0.08894479274749756,2.039241313934326,2.039241313934326,0.08969306200742722
273,1.9449522495269775,1.9449522495269775,0.088843435049057,2.0326743125915527,2.0326743125915527,0.08964070677757263
274,1.9398016929626465,1.9398016929626465,0.08880448341369629,2.028348207473755,2.028348207473755,0.08943480253219604
275,1.9386988878250122,1.9386988878250122,0.08874834328889847,2.0288197994232178,2.0288197994232178,0.08943986892700195
276,1.9314483404159546,1.9314483404159546,0.08860723674297333,2.026364803314209,2.026364803314209,0.08946360647678375
277,1.9322201013565063,1.9322201013565063,0.0885867103934288,2.0364506244659424,2.0364506244659424,0.08963774889707565
278,1.9341384172439575,1.9341384172439575,0.0886048972606659,2.025452136993408,2.025452136993408,0.08934666961431503
279,1.9333277940750122,1.9333277940750122,0.08851347863674164,2.027496337890625,2.027496337890625,0.08946884423494339
280,1.9291207790374756,1.9291207790374756,0.08847902715206146,2.018404245376587,2.018404245376587,0.0891418382525444
281,1.9279597997665405,1.9279597997665405,0.08841992169618607,2.025266170501709,2.025266170501709,0.08924971520900726
282,1.9269582033157349,1.9269582033157349,0.0884551852941513,2.028292417526245,2.028292417526245,0.089323490858078
283,1.9205808639526367,1.9205808639526367,0.08820442855358124,2.0282344818115234,2.0282344818115234,0.08934290707111359
284,1.9227478504180908,1.9227478504180908,0.0882737785577774,2.0185413360595703,2.0185413360595703,0.08918692916631699
285,1.9175571203231812,1.9175571203231812,0.08815443515777588,2.0236494541168213,2.0236494541168213,0.08921024203300476
286,1.9171940088272095,1.9171940088272095,0.08808792382478714,2.0217065811157227,2.0217065811157227,0.08915320038795471
287,1.9172202348709106,1.9172202348709106,0.08812543749809265,2.015155553817749,2.015155553817749,0.0889916643500328
288,1.915400505065918,1.915400505065918,0.08805704861879349,2.0269932746887207,2.0269932746887207,0.08921127766370773
289,1.9141353368759155,1.9141353368759155,0.08804552257061005,2.0158963203430176,2.0158963203430176,0.08901442587375641
290,1.9141895771026611,1.9141895771026611,0.08804387599229813,2.0187571048736572,2.0187571048736572,0.08900081366300583
291,1.9110645055770874,1.9110645055770874,0.08790550380945206,2.0229580402374268,2.0229580402374268,0.08906536549329758
292,1.904478669166565,1.904478669166565,0.08780771493911743,2.008554697036743,2.008554697036743,0.08867519348859787
293,1.9048479795455933,1.9048479795455933,0.08777404576539993,2.020167589187622,2.020167589187622,0.089024119079113
294,1.9095224142074585,1.9095224142074585,0.08777668327093124,2.0140914916992188,2.0140914916992188,0.08894442766904831
295,1.9027668237686157,1.9027668237686157,0.08773797005414963,2.0083508491516113,2.0083508491516113,0.08876102417707443
296,1.903615951538086,1.903615951538086,0.08762060105800629,2.0075325965881348,2.0075325965881348,0.08873515576124191
297,1.9026614427566528,1.9026614427566528,0.08761712163686752,2.0124804973602295,2.0124804973602295,0.08873160928487778
298,1.9047799110412598,1.9047799110412598,0.08759815990924835,2.000840425491333,2.000840425491333,0.08853691816329956
299,1.9015871286392212,1.9015871286392212,0.0876026451587677,2.014779806137085,2.014779806137085,0.0888454020023346
300,1.8969606161117554,1.8969606161117554,0.0875394195318222,1.9951587915420532,1.9951587915420532,0.08828342705965042
301,1.896485686302185,1.896485686302185,0.08741647750139236,1.9946051836013794,1.9946051836013794,0.08833105117082596
302,1.8946819305419922,1.8946819305419922,0.0873732939362526,1.983957290649414,1.983957290649414,0.0881301760673523
303,1.8933137655258179,1.8933137655258179,0.08737395703792572,1.9770286083221436,1.9770286083221436,0.08777373284101486
304,1.8924429416656494,1.8924429416656494,0.08728669583797455,1.9904946088790894,1.9904946088790894,0.08818530291318893
305,1.8891606330871582,1.8891606330871582,0.08722945302724838,1.9935914278030396,1.9935914278030396,0.08819306641817093
306,1.891760230064392,1.891760230064392,0.08719421923160553,1.9966719150543213,1.9966719150543213,0.08830231428146362
307,1.8882888555526733,1.8882888555526733,0.08714861422777176,1.9796109199523926,1.9796109199523926,0.08784503489732742
308,1.8876527547836304,1.8876527547836304,0.08718277513980865,1.9827617406845093,1.9827617406845093,0.08786522597074509
309,1.8885409832000732,1.8885409832000732,0.08719823509454727,2.003751277923584,2.003751277923584,0.08840832859277725
310,1.8821665048599243,1.8821665048599243,0.08701619505882263,1.9885838031768799,1.9885838031768799,0.08818595856428146
311,1.886383056640625,1.886383056640625,0.08698764443397522,1.9957799911499023,1.9957799911499023,0.08819574862718582
312,1.8828105926513672,1.8828105926513672,0.08696651458740234,1.9772357940673828,1.9772357940673828,0.08777870982885361
313,1.8780529499053955,1.8780529499053955,0.08688297122716904,1.9783453941345215,1.9783453941345215,0.08784212172031403
314,1.881321668624878,1.881321668624878,0.08692251145839691,1.9847066402435303,1.9847066402435303,0.08795572817325592
315,1.8778201341629028,1.8778201341629028,0.08680927753448486,1.985460638999939,1.985460638999939,0.0879223495721817
316,1.8761107921600342,1.8761107921600342,0.08677234500646591,1.9848281145095825,1.9848281145095825,0.08789908140897751
317,1.8811204433441162,1.8811204433441162,0.08684322237968445,1.977771282196045,1.977771282196045,0.08763747662305832
318,1.868929386138916,1.868929386138916,0.08665497601032257,1.9682631492614746,1.9682631492614746,0.0874888151884079
319,1.8690967559814453,1.8690967559814453,0.08666768670082092,1.9847708940505981,1.9847708940505981,0.08781318366527557
320,1.8690822124481201,1.8690822124481201,0.08655888587236404,1.9681028127670288,1.9681028127670288,0.08741622418165207
321,1.8666040897369385,1.8666040897369385,0.08645682781934738,1.9889576435089111,1.9889576435089111,0.08800096064805984
322,1.8702740669250488,1.8702740669250488,0.08657959848642349,1.967444658279419,1.967444658279419,0.08740908652544022
323,1.8664294481277466,1.8664294481277466,0.08650604635477066,1.9680817127227783,1.9680817127227783,0.08745667338371277
324,1.8672763109207153,1.8672763109207153,0.08646239340305328,1.9684377908706665,1.9684377908706665,0.0874246135354042
325,1.866170883178711,1.866170883178711,0.08638079464435577,1.9683585166931152,1.9683585166931152,0.08750542998313904
326,1.8613289594650269,1.8613289594650269,0.08636295050382614,1.9745995998382568,1.9745995998382568,0.08759614825248718
327,1.8620415925979614,1.8620415925979614,0.08637432008981705,1.9666931629180908,1.9666931629180908,0.08741099387407303
328,1.8630458116531372,1.8630458116531372,0.08632407337427139,1.963258147239685,1.963258147239685,0.08723310381174088
329,1.8535430431365967,1.8535430431365967,0.08613638579845428,1.961844801902771,1.961844801902771,0.08732053637504578
330,1.862365484237671,1.862365484237671,0.08626820892095566,1.945337176322937,1.945337176322937,0.08692562580108643
331,1.8543602228164673,1.8543602228164673,0.08613608777523041,1.9682555198669434,1.9682555198669434,0.08741776645183563
332,1.8533978462219238,1.8533978462219238,0.08612260967493057,1.9601105451583862,1.9601105451583862,0.08720877766609192
333,1.8536911010742188,1.8536911010742188,0.08613596111536026,1.9537451267242432,1.9537451267242432,0.08705037087202072
334,1.8528623580932617,1.8528623580932617,0.08604486286640167,1.9553598165512085,1.9553598165512085,0.08708855509757996
335,1.8520599603652954,1.8520599603652954,0.08602780848741531,1.9488850831985474,1.9488850831985474,0.08680340647697449
336,1.8505208492279053,1.8505208492279053,0.08604369312524796,1.9518914222717285,1.9518914222717285,0.0869297906756401
337,1.8409432172775269,1.8409432172775269,0.085751011967659,1.955230951309204,1.955230951309204,0.08705729991197586
338,1.8439483642578125,1.8439483642578125,0.08587562292814255,1.9590840339660645,1.9590840339660645,0.08704832941293716
339,1.8456882238388062,1.8456882238388062,0.08588934689760208,1.9565024375915527,1.9565024375915527,0.0870407223701477
340,1.8463960886001587,1.8463960886001587,0.08590924739837646,1.9471889734268188,1.9471889734268188,0.08681026101112366
341,1.8368000984191895,1.8368000984191895,0.08569430559873581,1.95675528049469,1.95675528049469,0.08704862743616104
342,1.8456007242202759,1.8456007242202759,0.08585788309574127,1.928086757659912,1.928086757659912,0.08635419607162476
343,1.845167636871338,1.845167636871338,0.08577612042427063,1.9478356838226318,1.9478356838226318,0.0867525190114975
344,1.8328688144683838,1.8328688144683838,0.08562050759792328,1.9377588033676147,1.9377588033676147,0.08652298152446747
345,1.8285601139068604,1.8285601139068604,0.08543139696121216,1.9584161043167114,1.9584161043167114,0.08703424036502838
346,1.8365449905395508,1.8365449905395508,0.08559241145849228,1.949842929840088,1.949842929840088,0.08678043633699417
347,1.832221508026123,1.832221508026123,0.08544910699129105,1.9442838430404663,1.9442838430404663,0.08668672293424606
348,1.8348194360733032,1.8348194360733032,0.08553516119718552,1.9415448904037476,1.9415448904037476,0.0866711288690567
349,1.8276348114013672,1.8276348114013672,0.08539212495088577,1.9350064992904663,1.9350064992904663,0.0865391194820404
350,1.8335189819335938,1.8335189819335938,0.08540068566799164,1.950024962425232,1.950024962425232,0.08684774488210678
351,1.8254345655441284,1.8254345655441284,0.08530820906162262,1.9348669052124023,1.9348669052124023,0.08646602928638458
352,1.8271574974060059,1.8271574974060059,0.08531583100557327,1.9365564584732056,1.9365564584732056,0.08644988387823105
353,1.821305274963379,1.821305274963379,0.08523809909820557,1.9278045892715454,1.9278045892715454,0.0862170159816742
354,1.828945517539978,1.828945517539978,0.08529512584209442,1.9348900318145752,1.9348900318145752,0.08640784025192261
355,1.819563627243042,1.819563627243042,0.08512736856937408,1.92936372756958,1.92936372756958,0.08632989972829819
356,1.8201574087142944,1.8201574087142944,0.08507341146469116,1.9244332313537598,1.9244332313537598,0.08610128611326218
357,1.8251312971115112,1.8251312971115112,0.08512496203184128,1.9287264347076416,1.9287264347076416,0.0862661749124527
358,1.8146932125091553,1.8146932125091553,0.08508169651031494,1.9250853061676025,1.9250853061676025,0.08615584671497345
359,1.8116462230682373,1.8116462230682373,0.08488669246435165,1.920796513557434,1.920796513557434,0.08603531867265701
360,1.8111618757247925,1.8111618757247925,0.08493281900882721,1.9231301546096802,1.9231301546096802,0.08606943488121033
361,1.8109872341156006,1.8109872341156006,0.08486269414424896,1.9110215902328491,1.9110215902328491,0.08580896258354187
362,1.8105878829956055,1.8105878829956055,0.08478350192308426,1.9257471561431885,1.9257471561431885,0.08615589141845703
363,1.8025119304656982,1.8025119304656982,0.0848294198513031,1.9125224351882935,1.9125224351882935,0.08584364503622055
364,1.8024269342422485,1.8024269342422485,0.08475761860609055,1.926562786102295,1.926562786102295,0.08618509769439697
365,1.8028227090835571,1.8028227090835571,0.08470907807350159,1.9164724349975586,1.9164724349975586,0.08594026416540146
366,1.813022255897522,1.813022255897522,0.08483022451400757,1.9117034673690796,1.9117034673690796,0.0856955498456955
367,1.8049792051315308,1.8049792051315308,0.08471964299678802,1.9257514476776123,1.9257514476776123,0.08616739511489868
368,1.8029271364212036,1.8029271364212036,0.08460752665996552,1.912933588027954,1.912933588027954,0.08582384884357452
369,1.8045088052749634,1.8045088052749634,0.08464228361845016,1.9133493900299072,1.9133493900299072,0.08577754348516464
370,1.8036597967147827,1.8036597967147827,0.08462715148925781,1.9058595895767212,1.9058595895767212,0.08562227338552475
371,1.8006618022918701,1.8006618022918701,0.08455157279968262,1.9181917905807495,1.9181917905807495,0.08589297533035278
372,1.792107343673706,1.792107343673706,0.08439990133047104,1.9106427431106567,1.9106427431106567,0.08573125302791595
373,1.7965216636657715,1.7965216636657715,0.0844748318195343,1.9042359590530396,1.9042359590530396,0.08544904738664627
374,1.7983050346374512,1.7983050346374512,0.08447635173797607,1.9100953340530396,1.9100953340530396,0.08564053475856781
375,1.7889481782913208,1.7889481782913208,0.08431453257799149,1.901572585105896,1.901572585105896,0.0854029506444931
376,1.7993664741516113,1.7993664741516113,0.0843585729598999,1.9098542928695679,1.9098542928695679,0.0855914056301117
377,1.7965588569641113,1.7965588569641113,0.08442313224077225,1.9075183868408203,1.9075183868408203,0.08555345982313156
378,1.790086030960083,1.790086030960083,0.08424367010593414,1.9052228927612305,1.9052228927612305,0.08546555042266846
379,1.785648226737976,1.785648226737976,0.0842396542429924,1.8963875770568848,1.8963875770568848,0.08527722209692001
380,1.7867119312286377,1.7867119312286377,0.08415864408016205,1.9157134294509888,1.9157134294509888,0.08579710870981216
381,1.7886295318603516,1.7886295318603516,0.08415775746107101,1.905570387840271,1.905570387840271,0.08538561314344406
382,1.7884461879730225,1.7884461879730225,0.08410456031560898,1.9053175449371338,1.9053175449371338,0.08554314821958542
383,1.784529685974121,1.784529685974121,0.08409379422664642,1.9066555500030518,1.9066555500030518,0.08546637743711472
384,1.78617262840271,1.78617262840271,0.084022656083107,1.9055448770523071,1.9055448770523071,0.08551839739084244
385,1.7831979990005493,1.7831979990005493,0.08395009487867355,1.8896853923797607,1.8896853923797607,0.08517461270093918
386,1.7766814231872559,1.7766814231872559,0.08384493738412857,1.8930915594100952,1.8930915594100952,0.08524617552757263
387,1.776943564414978,1.776943564414978,0.08385815471410751,1.9047856330871582,1.9047856330871582,0.0854434221982956
388,1.773617148399353,1.773617148399353,0.08386078476905823,1.8865153789520264,1.8865153789520264,0.08500552177429199
389,1.7745575904846191,1.7745575904846191,0.08381357789039612,1.8923532962799072,1.8923532962799072,0.08509841561317444
390,1.775707721710205,1.775707721710205,0.08384951204061508,1.8944735527038574,1.8944735527038574,0.08518809825181961
391,1.775987982749939,1.775987982749939,0.0838114321231842,1.888421893119812,1.888421893119812,0.08500778675079346
392,1.7714555263519287,1.7714555263519287,0.08365055918693542,1.8961987495422363,1.8961987495422363,0.08522377163171768
393,1.7676938772201538,1.7676938772201538,0.08364022523164749,1.8882324695587158,1.8882324695587158,0.08493507653474808
394,1.760825514793396,1.760825514793396,0.08347922563552856,1.883689284324646,1.883689284324646,0.08496144413948059
395,1.768118977546692,1.768118977546692,0.08356065303087234,1.8793805837631226,1.8793805837631226,0.08474040776491165
396,1.7677130699157715,1.7677130699157715,0.08357096463441849,1.8811719417572021,1.8811719417572021,0.08478439599275589
397,1.7672748565673828,1.7672748565673828,0.08350427448749542,1.8819208145141602,1.8819208145141602,0.08483455330133438
398,1.7620645761489868,1.7620645761489868,0.08339989930391312,1.8830362558364868,1.8830362558364868,0.08492839336395264
399,1.7664730548858643,1.7664730548858643,0.08342910557985306,1.8721474409103394,1.8721474409103394,0.08452501147985458
400,1.762343406677246,1.762343406677246,0.08339124917984009,1.8794701099395752,1.8794701099395752,0.08489346504211426
401,1.7591568231582642,1.7591568231582642,0.0833505243062973,1.8849374055862427,1.8849374055862427,0.08491937816143036
402,1.7602312564849854,1.7602312564849854,0.08326076716184616,1.8750501871109009,1.8750501871109009,0.08464949578046799
403,1.7602829933166504,1.7602829933166504,0.08339972048997879,1.8659701347351074,1.8659701347351074,0.08427028357982635
404,1.7618293762207031,1.7618293762207031,0.08338313549757004,1.8653103113174438,1.8653103113174438,0.08429591357707977
405,1.7590129375457764,1.7590129375457764,0.08317577093839645,1.8668347597122192,1.8668347597122192,0.08434463292360306
406,1.7558109760284424,1.7558109760284424,0.08318694680929184,1.8751404285430908,1.8751404285430908,0.08458763360977173
407,1.7575103044509888,1.7575103044509888,0.08315687626600266,1.8810769319534302,1.8810769319534302,0.08478591591119766
408,1.753635048866272,1.753635048866272,0.08310563117265701,1.8759183883666992,1.8759183883666992,0.0847468450665474
409,1.7514634132385254,1.7514634132385254,0.08317895233631134,1.8618485927581787,1.8618485927581787,0.0841459184885025
410,1.7500616312026978,1.7500616312026978,0.08307788521051407,1.8614026308059692,1.8614026308059692,0.0842037945985794
411,1.7545905113220215,1.7545905113220215,0.08306922763586044,1.874589204788208,1.874589204788208,0.08448299020528793
412,1.7474405765533447,1.7474405765533447,0.08299417793750763,1.8666496276855469,1.8666496276855469,0.0843730941414833
413,1.741038203239441,1.741038203239441,0.08283169567584991,1.8633501529693604,1.8633501529693604,0.08429429680109024
414,1.7438791990280151,1.7438791990280151,0.08291200548410416,1.8645665645599365,1.8645665645599365,0.08436121791601181
415,1.7455222606658936,1.7455222606658936,0.08294004946947098,1.865972638130188,1.865972638130188,0.08437235653400421
416,1.7446657419204712,1.7446657419204712,0.08279721438884735,1.8608577251434326,1.8608577251434326,0.08428483456373215
417,1.7435322999954224,1.7435322999954224,0.08290068060159683,1.8636430501937866,1.8636430501937866,0.0842701718211174
418,1.7401374578475952,1.7401374578475952,0.08280305564403534,1.8543086051940918,1.8543086051940918,0.08390402793884277
419,1.7399404048919678,1.7399404048919678,0.08274136483669281,1.8649921417236328,1.8649921417236328,0.08432074636220932
420,1.7331403493881226,1.7331403493881226,0.08260034024715424,1.8497825860977173,1.8497825860977173,0.08391360938549042
421,1.731245517730713,1.731245517730713,0.08263838291168213,1.870260238647461,1.870260238647461,0.08448631316423416
422,1.733647108078003,1.733647108078003,0.08261046558618546,1.8545948266983032,1.8545948266983032,0.08405934274196625
423,1.7348827123641968,1.7348827123641968,0.08263824880123138,1.8541680574417114,1.8541680574417114,0.08407414704561234
424,1.7294394969940186,1.7294394969940186,0.08248988538980484,1.8604403734207153,1.8604403734207153,0.08416973799467087
425,1.7281807661056519,1.7281807661056519,0.08242512494325638,1.8664697408676147,1.8664697408676147,0.08421746641397476
426,1.7278180122375488,1.7278180122375488,0.08248994499444962,1.8501414060592651,1.8501414060592651,0.08388460427522659
427,1.7252651453018188,1.7252651453018188,0.08235260099172592,1.858044147491455,1.858044147491455,0.08403459191322327
428,1.7294108867645264,1.7294108867645264,0.08242849260568619,1.8509854078292847,1.8509854078292847,0.08385113626718521
429,1.726181983947754,1.726181983947754,0.08229562640190125,1.8529748916625977,1.8529748916625977,0.0839344933629036
430,1.7232922315597534,1.7232922315597534,0.08231653273105621,1.8467975854873657,1.8467975854873657,0.08374673128128052
431,1.7271310091018677,1.7271310091018677,0.08232355117797852,1.8458256721496582,1.8458256721496582,0.08376849442720413
432,1.7193349599838257,1.7193349599838257,0.08212359994649887,1.854453444480896,1.854453444480896,0.08396712690591812
433,1.7215726375579834,1.7215726375579834,0.08220032602548599,1.8386634588241577,1.8386634588241577,0.08348610252141953
434,1.7229087352752686,1.7229087352752686,0.08220474421977997,1.8509070873260498,1.8509070873260498,0.08397697657346725
435,1.7100279331207275,1.7100279331207275,0.08201990276575089,1.8358783721923828,1.8358783721923828,0.08350207656621933
436,1.7274736166000366,1.7274736166000366,0.08224044740200043,1.8432679176330566,1.8432679176330566,0.08359090238809586
437,1.7175158262252808,1.7175158262252808,0.08213603496551514,1.8278542757034302,1.8278542757034302,0.08324429392814636
438,1.713679552078247,1.713679552078247,0.08199110627174377,1.8426529169082642,1.8426529169082642,0.08374648541212082
439,1.718375563621521,1.718375563621521,0.08209136873483658,1.8434717655181885,1.8434717655181885,0.08369110524654388
440,1.7117241621017456,1.7117241621017456,0.08198760449886322,1.8345202207565308,1.8345202207565308,0.08341141045093536
441,1.7073067426681519,1.7073067426681519,0.08186645805835724,1.8306219577789307,1.8306219577789307,0.08330632746219635
442,1.7098602056503296,1.7098602056503296,0.08183354139328003,1.8370360136032104,1.8370360136032104,0.08334609866142273
443,1.707226037979126,1.707226037979126,0.08181507885456085,1.8381978273391724,1.8381978273391724,0.08354295790195465
444,1.7032166719436646,1.7032166719436646,0.08160481601953506,1.828590750694275,1.828590750694275,0.083256796002388
445,1.712133526802063,1.712133526802063,0.08188548684120178,1.8369266986846924,1.8369266986846924,0.08342406153678894
446,1.7091292142868042,1.7091292142868042,0.0817827358841896,1.8422683477401733,1.8422683477401733,0.08363781869411469
447,1.705371618270874,1.705371618270874,0.08176565170288086,1.841418743133545,1.841418743133545,0.08354884386062622
448,1.6952345371246338,1.6952345371246338,0.08143425732851028,1.8192154169082642,1.8192154169082642,0.08298689126968384
449,1.705012559890747,1.705012559890747,0.08169721812009811,1.8255271911621094,1.8255271911621094,0.08315817266702652
450,1.703491449356079,1.703491449356079,0.0816224068403244,1.8310900926589966,1.8310900926589966,0.083391472697258
451,1.7033939361572266,1.7033939361572266,0.08159837871789932,1.8235875368118286,1.8235875368118286,0.08321233838796616
452,1.7022134065628052,1.7022134065628052,0.08161807805299759,1.8230096101760864,1.8230096101760864,0.08309832215309143
453,1.6966663599014282,1.6966663599014282,0.0815165638923645,1.8292583227157593,1.8292583227157593,0.08329726755619049
454,1.69098961353302,1.69098961353302,0.08136363327503204,1.8189343214035034,1.8189343214035034,0.08293608576059341
455,1.6990089416503906,1.6990089416503906,0.08151166886091232,1.8182263374328613,1.8182263374328613,0.08281872421503067
456,1.695825219154358,1.695825219154358,0.08136088401079178,1.8116446733474731,1.8116446733474731,0.08277911692857742
457,1.6939295530319214,1.6939295530319214,0.08136845380067825,1.814835548400879,1.814835548400879,0.08279360830783844
458,1.6918362379074097,1.6918362379074097,0.08131051063537598,1.8282791376113892,1.8282791376113892,0.08320765942335129
459,1.6896042823791504,1.6896042823791504,0.08125536143779755,1.8171443939208984,1.8171443939208984,0.0828876793384552
460,1.692030429840088,1.692030429840088,0.08124490082263947,1.8202041387557983,1.8202041387557983,0.08304803818464279
461,1.6831775903701782,1.6831775903701782,0.08113013952970505,1.8145437240600586,1.8145437240600586,0.08279556035995483
462,1.685642123222351,1.685642123222351,0.08115550130605698,1.8224395513534546,1.8224395513534546,0.08307059109210968
463,1.689598560333252,1.689598560333252,0.08125479519367218,1.8081953525543213,1.8081953525543213,0.08267711102962494
464,1.6858631372451782,1.6858631372451782,0.0812402218580246,1.8126609325408936,1.8126609325408936,0.0828973650932312
465,1.6886897087097168,1.6886897087097168,0.0811806321144104,1.8146522045135498,1.8146522045135498,0.08277153223752975
466,1.6825224161148071,1.6825224161148071,0.0811062827706337,1.8153103590011597,1.8153103590011597,0.08284648507833481
467,1.6767247915267944,1.6767247915267944,0.08098648488521576,1.804661750793457,1.804661750793457,0.08254966139793396
468,1.6876014471054077,1.6876014471054077,0.08118660748004913,1.8046050071716309,1.8046050071716309,0.0824243426322937
469,1.6831787824630737,1.6831787824630737,0.08102574944496155,1.8139201402664185,1.8139201402664185,0.08271230012178421
470,1.6807520389556885,1.6807520389556885,0.08096843957901001,1.8082188367843628,1.8082188367843628,0.08255975693464279
471,1.68386971950531,1.68386971950531,0.08099334686994553,1.7959707975387573,1.7959707975387573,0.08227122575044632
472,1.6775339841842651,1.6775339841842651,0.08086889982223511,1.8150593042373657,1.8150593042373657,0.08275146782398224
473,1.675279974937439,1.675279974937439,0.0808740183711052,1.8071808815002441,1.8071808815002441,0.0826042965054512
474,1.681118369102478,1.681118369102478,0.08091256767511368,1.7996671199798584,1.7996671199798584,0.08228232711553574
475,1.6752867698669434,1.6752867698669434,0.08077292889356613,1.8001524209976196,1.8001524209976196,0.08233891427516937
476,1.6664930582046509,1.6664930582046509,0.08070062100887299,1.7996233701705933,1.7996233701705933,0.08240567147731781
477,1.6678558588027954,1.6678558588027954,0.0806398019194603,1.8020987510681152,1.8020987510681152,0.0823800191283226
478,1.6718931198120117,1.6718931198120117,0.08072799444198608,1.8163703680038452,1.8163703680038452,0.08291470259428024
479,1.6650097370147705,1.6650097370147705,0.08064642548561096,1.8022575378417969,1.8022575378417969,0.08242281526327133
480,1.6634811162948608,1.6634811162948608,0.08059453964233398,1.7982749938964844,1.7982749938964844,0.08233831077814102
481,1.6676698923110962,1.6676698923110962,0.08060464262962341,1.7949244976043701,1.7949244976043701,0.08223217725753784
482,1.6676931381225586,1.6676931381225586,0.08059976994991302,1.7963509559631348,1.7963509559631348,0.08227992802858353
483,1.6657395362854004,1.6657395362854004,0.08059029281139374,1.7986011505126953,1.7986011505126953,0.08239389210939407
484,1.6666388511657715,1.6666388511657715,0.08055947721004486,1.7966688871383667,1.7966688871383667,0.08221893012523651
485,1.6641666889190674,1.6641666889190674,0.08053536713123322,1.7914525270462036,1.7914525270462036,0.08212486654520035
486,1.659729242324829,1.659729242324829,0.08045559376478195,1.782495379447937,1.782495379447937,0.08183742314577103
487,1.6655609607696533,1.6655609607696533,0.08044171333312988,1.791229248046875,1.791229248046875,0.08216732740402222
488,1.6630693674087524,1.6630693674087524,0.08039209246635437,1.792806625366211,1.792806625366211,0.08212962001562119
489,1.6573278903961182,1.6573278903961182,0.08035744726657867,1.7966886758804321,1.7966886758804321,0.08229755610227585
490,1.658302903175354,1.658302903175354,0.08037029206752777,1.7958611249923706,1.7958611249923706,0.08226323127746582
491,1.6526848077774048,1.6526848077774048,0.08020660281181335,1.790344476699829,1.790344476699829,0.08209478855133057
492,1.6561155319213867,1.6561155319213867,0.08020713925361633,1.7849645614624023,1.7849645614624023,0.08201954513788223
493,1.6496014595031738,1.6496014595031738,0.08003947883844376,1.7860138416290283,1.7860138416290283,0.08205032348632812
494,1.6584628820419312,1.6584628820419312,0.08027037233114243,1.7856625318527222,1.7856625318527222,0.08199647068977356
495,1.6498874425888062,1.6498874425888062,0.08011380583047867,1.775719404220581,1.775719404220581,0.08162777125835419
496,1.6459487676620483,1.6459487676620483,0.08004745095968246,1.7872939109802246,1.7872939109802246,0.08199729770421982
497,1.6565618515014648,1.6565618515014648,0.08023092895746231,1.779683232307434,1.779683232307434,0.08186564594507217
498,1.6409238576889038,1.6409238576889038,0.07987924665212631,1.793039083480835,1.793039083480835,0.08219517022371292
499,1.6471946239471436,1.6471946239471436,0.07990196347236633,1.7802647352218628,1.7802647352218628,0.0817699059844017
500,1.6413573026657104,1.6413573026657104,0.07995881140232086,1.78353750705719,1.78353750705719,0.0818357914686203
501,1.644189715385437,1.644189715385437,0.07986731827259064,1.7805149555206299,1.7805149555206299,0.08181080967187881
502,1.6440277099609375,1.6440277099609375,0.07988803088665009,1.7769306898117065,1.7769306898117065,0.08174140751361847
503,1.6447222232818604,1.6447222232818604,0.07987070828676224,1.7716104984283447,1.7716104984283447,0.0814829021692276
504,1.635691523551941,1.635691523551941,0.07976817339658737,1.7752968072891235,1.7752968072891235,0.08159764856100082
505,1.6349802017211914,1.6349802017211914,0.07969696819782257,1.765174388885498,1.765174388885498,0.08138088136911392
506,1.635618805885315,1.635618805885315,0.07972130924463272,1.7676188945770264,1.7676188945770264,0.0813591480255127
507,1.639458417892456,1.639458417892456,0.07973039150238037,1.7657380104064941,1.7657380104064941,0.0813293531537056
508,1.6340304613113403,1.6340304613113403,0.07967503368854523,1.763749599456787,1.763749599456787,0.08117377758026123
509,1.6389927864074707,1.6389927864074707,0.07975240796804428,1.7640730142593384,1.7640730142593384,0.08132582157850266
510,1.640546202659607,1.640546202659607,0.07969426363706589,1.761954665184021,1.761954665184021,0.08118601888418198
511,1.6376527547836304,1.6376527547836304,0.07969791442155838,1.7622150182724,1.7622150182724,0.08118226379156113
